﻿<?xml version="1.0" encoding="UTF-8" standalone="yes"?>
<addon id="Teste.repository" name="Teste.repository" version="0.0.2" provider-name="Junior Rocha">
	<extension point="xbmc.addon.repository" name="Teste Add-on Repository">
		<info compressed="false">http://raw.github.com/JuniorRocha45/Teste.repository/master/addons.xml</info>
		<checksum>http://raw.github.com/JuniorRocha45/Teste.repository/master/addons.xml.md5</checksum>
		<datadir zip="true">http://raw.github.com/JuniorRocha45/Teste.repository/master/repo/</datadir>
	</extension>
	<extension point="xbmc.addon.metadata">
		<summary>Teste.repository</summary>
		<description>Addon Description</description>
		<disclaimer></disclaimer>
		<platform>all</platform>
	</extension>
</addon>